<?xml version="1.0" encoding="UTF-8"?>
<project-private xmlns="http://www.netbeans.org/ns/project-private/1">
    <editor-bookmarks xmlns="http://www.netbeans.org/ns/editor-bookmarks/2" lastBookmarkId="1">
        <file>
            <url>src/Management/Validation.java</url>
            <bookmark id="1">
                <name/>
                <line>18</line>
                <key/>
            </bookmark>
        </file>
    </editor-bookmarks>
    <open-files xmlns="http://www.netbeans.org/ns/projectui-open-files/2">
        <group>
            <file>file:/E:/Lab211/Book_Store_Management/src/Management/Validation.java</file>
            <file>file:/E:/Lab211/Book_Store_Management/src/MainProgram/Main.java</file>
            <file>file:/E:/Lab211/Book_Store_Management/src/Management/newFunction.java</file>
            <file>file:/E:/Lab211/Book_Store_Management/src/Data/book.dat</file>
            <file>file:/E:/Lab211/Book_Store_Management/src/Management/Management.java</file>
        </group>
    </open-files>
</project-private>
